Código;Nombre NIC;NIC_Definicion;Edición;tituloabrev;observacion;revisado
140;FOMENTAR LOS MECANISMOS CORPORALES;Facilitar el uso de posiciones y movimientos en las actividades diarias para evitar la fatiga y la tensión o las lesiones musculoesqueléticas.;1992, 2008;;;
180;MANEJO DE LA ENERGÍA;Regulación del uso de la energía para tratar o evitar la fatiga y mejorar las funciones.;1992, 2008;;;
200;FOMENTO DEL EJERCICIO;Facilitar regularmente la regulación de ejercicios físicos con el fin de mantener o mejorar el estado físico y el nivel de salud.;1992, 2000, 2004;;;
201;FOMENTO DEL EJERCICIO: ENTRENAMIENTO DE EXTENSIÓN;Facilitar el entrenamiento regular de músculos resistentes para mantener o aumentar la fuerza del músculo.;2000;;;
202;FOMENTO DE EJERCICIOS: EXTENSIÓN;Facilitar ejercicios sistemáticos de extensión muscular lenta y mantenimiento con posterior relajación con el fin de preparar los músculos y articulaciones para ejercicios más vigorosos o para aumentar o mantener la flexibilidad corporal.;1996;;;
221;TERAPIA DE EJERCICIOS: AMBULACIÓN;Estímulo y asistencia en la deambulación para mantener o restablecer las funciones corporales autónomas y voluntarias durante el tratamiento y recuperación de una enfermedad o lesión.;1992, 2000;;;
222;TERAPIA DE EJERCICIOS: EQUILIBRIO;Utilización de actividades, posturas y movimientos específicos para mantener, potenciar o restablecer el equilibrio.;1992, 2008;;;
224;TERAPIA DE EJERCICIOS: MOVILIDAD ARTICULAR;Realizar movimientos corporales activos o pasivos para mantener o restablecer la flexibilidad articular.;1992, 2000;;;
226;TERAPIA DE EJERCICIOS: CONTROL MUSCULAR;Utilización de protocolos de actividad o ejercicios específicos para mejorar o restablecer el movimiento controlado del cuerpo.;1992, 2000;;;
410;CUIDADOS DE LA INCONTINENCIA INTESTINAL;Estimulación de la continencia intestinal y mantenimiento de la integridad de la piel perianal.;1992, 2008;;;
412;CUIDADOS EN LA INCONTINENCIA INTESTINAL: ENCOPRESIS;Fomento de la continencia intestinal en niños.;1996;;;
420;IRRIGACIÓN INTESTINAL;Instilación de sustancias en el tracto gastrointestinal inferior.;1992;;;
430;MANEJO INTESTINAL;Establecimiento y mantenimiento de una evacuación intestinal de esquema regular.;1992, 2000;;;
440;ENTRENAMIENTO INTESTINAL;Ayuda al paciente en la educación del intestino para que evacue a intervalos determinados.;1992;;;
450;MANEJO DEL ESTREÑIMIENTO/IMPACTACIÓN;Prevención y alivio del estreñimiento/impactación.;1992, 2000, 2004;;;
460;MANEJO DE LA DIARREA;Prevención y alivio de la diarrea.;1992, 2000, 2004;;;
470;DISMINUCIÓN DE LA FLATULENCIA;Evitar la formación de flato y facilitar la salida de gases excesivos.;1992, 1996;;;
480;CUIDADOS DE LA OSTOMÍA;Asegurar la eliminación a través de una estoma y de los cuidados del tejido circundante.;1992, 2000, 2004;;;
490;MANEJO DEL PROLAPSO RECTAL;Prevención y/o reducción manual del prolapso rectal.;1996;;;
550;IRRIGACIÓN DE LA VEJIGA;Infusión de una solución en la vejiga con propósitos de limpieza o medicación.;1996;;;
560;EJERCICIO DEL SUELO PÉLVICO;Fortalecimiento y entrenamiento de los músculos elevador del ano y urogenital mediante la contracción voluntaria y repetida para disminuir la incontinencia por estrés, de urgencia o tipos mezclados de incontinencia urinaria.;1996, 2000, 2004;;;
570;ENTRENAMIENTO DE LA VEJIGA URINARIA;Mejoría de la función de la vejiga en aquellas personas afectadas de incontinencia de urgencia aumentando la capacidad de la vejiga para mantener la orina y la capacidad del paciente para suprimir la micción.;1996, 2004;;;
580;SONDAJE VESICAL;Inserción de un catéter en la vejiga para el drenaje temporal o permanente de la orina.;1992;;;
582;SONDAJE VESICAL INTERMITENTE;Uso periódico de forma regular de un catéter para vaciar la vejiga.;1992, 1996, 2000;;;
590;MANEJO DE LA ELIMINACIÓN URINARIA;Mantenimiento de un esquema de eliminación urinaria óptimo.;1992, 2000, 2004;;;
600;ENTRENAMIENTO DEL HÁBITO URINARIO;Establecer un esquema predecible de vaciado de la vejiga para evitar la incontinencia en personas con la capacidad cognoscitiva limitada, que padecen incontinencia de urgencia, de estrés o funcional.;1996;;;
610;CUIDADOS DE LA INCONTINENCIA URINARIA;Ayudar a fomentar la continencia y mantener la integridad de la piel perineal.;1992, 1996;;;
612;CUIDADOS DE LA INCONTINENCIA URINARIA: ENURESIS;Estimulación de la continencia urinaria en niños.;1996;;;
620;CUIDADOS DE LA RETENCIÓN URINARIA;Ayudar a aliviar la distensión en la vejiga.;1992, 1996;;;
630;MANEJO DEL PESARIO;Colocación y control de un dispositivo vaginal para el tratamiento de la incontinencia urinaria por esfuerzo, de la retroversión uterina, del prolapso genital o del cuello del útero incompetente.;2000;;;
640;EVACUACIÓN INMEDIATA;Promover la continencia urinaria a través del uso de recordatorios verbales de aseo regulares y de retroalimentación social positiva por el aseo conseguido;2000;;;
740;CUIDADOS DEL PACIENTE ENCAMADO;Fomento de la comodidad, la seguridad y la prevención de complicaciones en el paciente que no puede levantarse de la cama.;1992;;;
762;CUIDADOS DEL PACIENTE ESCAYOLADO: MANTENIMIENTO;Cuidados de un paciente escayolado después del secado.;1992, 2008;;;
764;CUIDADOS DEL PACIENTE ESCAYOLADO: YESO HÚMEDO;Cuidados de una escayola reciente durante el período de secado.;1992, 2008;;;
840;CAMBIO DE POSICIÓN;Movimiento deliberado del paciente o de una parte corporal para proporcionar el bienestar fisiológico y / o psicológico.;1992, 2000;;;
842;CAMBIO DE POSICION: INTRAOPERATORIO;Movimiento del paciente o de una parte corporal para favorecer le expresión quirúrgica a la vez que se reduce el riesgo de molestias y complicaciones.;1996;;;
844;CAMBIO DE POSICIÓN: NEUROLÓGICO;Conseguir una alineación corporal óptima y adecuada para el paciente que experimenta o se encuentra en riesgo de padecer una lesión de columna vertebral o irritabilidad vertebral.;1992;;;
846;CAMBIO DE POSICIÓN: SILLA DE RUEDAS;Colocación de un paciente en la silla de ruedas correctamente seleccionada para potenciar la comodidad, promover la integridad de la piel y permitir independencia.;1992;;;
910;INMOVILIZACIÓN;Estabilización, inmovilización y/o protección de una parte corporal lesionada con un dispositivo de soporte.;1992;;;
940;CUIDADOS DE TRACCIÓN/INMOVILIZACIÓN;Actuación ante un paciente que tiene un dispositivo de tracción y/o inmovilización para inmovilizar y estabilizar una parte del cuerpo.;1992, 1996;;;
970;TRANSFERENCIA;Traslado de un paciente con limitación del movimiento independiente.;2008;;;
1020;ETAPAS DE LA DIETA;Instituir las necesidades de la dieta con la consiguiente progresión de la misma según su tolerancia.;1992;;;
1030;MANEJO DE LOS TRASTORNOS DE LA ALIMENTACIÓN;Prevención y tratamiento de restricciones severas en la dieta, los ejercicios en exceso y purga de alimentos y líquidos.;1992, 2000;;;
1050;ALIMENTACIÓN;Proporcionar la ingesta nutricional al paciente que no puede alimentarse por sí mismo.;1992, 2008;;;
1052;ALIMENTACIÓN POR BIBERÓN;Preparación y administración de biberones.;1992, 2000;;;
1054;AYUDA EN LA LACTANCIA MATERNA;Preparación de la nueva madre para que dé el pecho al bebé.;1996, 2000;;;
1056;ALIMENTACIÓN ENTERAL POR SONDA;Aporte de nutrientes y de agua a través de una sonda gastrointestinal.;1992, 1996, 2000, 2004;;;
1080;SONDAJE GASTROINTESTINAL;Inserción de una sonda en el tracto gastrointestinal.;1992, 1996;;;
1100;MANEJO DE LA NUTRICIÓN;Ayudar o proporcionar una dieta equilibrada de sólidos y líquidos.;1992;;;
1120;TERAPIA NUTRICIONAL;Administración de alimentos y líquidos para apoyar los procesos metabólicos en un paciente que está malnutrido o con alto riesgo de malnutrición.;1992, 2004;;;
1160;MONITORIZACION NUTRICIONAL;Recogida y análisis de los datos del paciente para evitar o minimizar la malnutrición.;1992;;;
1200;ADMINISTRACIÓN DE NUTRICIÓN PARENTERAL TOTAL (NPT);Preparación y aporte de nutrientes de forma intravenosa y monitorización de la capacidad de respuesta del paciente.;1992;;;
1240;AYUDA PARA GANAR PESO;Facilitar el aumento de peso corporal.;1992, 2004;;;
1260;MANEJO DEL PESO;Facilitar el mantenimiento del peso corporal óptimo y el porcentaje de grasa corporal.;1992, 2004;;;
1280;AYUDA PARA DISMINUIR EL PESO;Facilitar la pérdida de peso corporal y/o grasa corporal.;1992;;;
1320;ACUPRESIÓN;Aplicación de presión firme y sostenida en puntos determinados del cuerpo para disminuir el dolor, producir relajación y prevenir o reducir las náuseas.;1996;;;
1330;AROMATERAPIA;Administración de aceites esenciales mediante masajes, ungüentos o lociones ópticas, baños, inhalación, duchas, compresas (calientes o frías) para calmar y tranquilizar, aliviar el dolor, aumentar la relajación y el confort.;2004;;;
1340;ESTIMULACIÓN CUTÁNEA;Estimulación de la piel y tejidos subyacentes con el objeto de disminuir signos y síntomas indeseables como dolor, espasmo muscular o inflamación.;1992;;;
1380;APLICACIÓN DE CALOR O FRIO;Estimulación de la piel y tejidos subcutáneos con calor o frío con el fin de disminuir el dolor, espasmos musculares o inflamación.;1992;;;
1400;MANEJO DEL DOLOR;Alivio del dolor o disminución del dolor a un nivel de tolerancia que sea aceptable para el paciente.;1992, 1996, 2004;;;
1440;MANEJO DEL SINDROME PREMESTRUAL;Alivio/atenuación de los síntomas físicos y/o conductuales que se producen durante la fase lútea del ciclo menstrual.;2004;;;
1450;MANEJO DE LAS NÁUSEAS;Prevención y alivio de las náuseas.;2000;;;
1460;RELAJACIÓN MUSCULAR PROGRESIVA;Facilitar la tensión y relajación de grupos de músculos sucesivos mientras se atiende a las diferencias de sensibilidad resultantes.;1992, 1996;;;
1480;MASAJE;Estimulación de la piel y tejidos subyacentes con diversos grados de presión manual para disminuir el dolor, inducir la relajación y/o mejorar la circulación.;"1992, 2008. Antes: ""Masaje simple""";;;
1540;ESTIMULACIÓN NERVIOSA ELÉCTRICA TRANSCUTÁNEA (TENS);Estimulación de la piel y tejidos subyacentes por medio de vibración eléctrica controlada de baja tensión mediante electrodos.;1992;;;
1570;MANEJO DEL VÓMITO;Prevención y alivio del vómito.;2004;;;
1610;BAÑO;Baño corporal a efectos de relajación, limpieza y curación.;1992, 2000;;;
1620;CUIDADOS DE LAS LENTILLAS DE CONTACTO;Prevención de lesión ocular y daños a las lentillas por uso de lentillas de contacto.;1992;;;
1630;VESTIR;Elegir, poner y quitar las ropas a una persona que no puede realizar tal actividad por sí misma.;1992, 2000;;;
1640;CUIDADOS DE LOS OIDOS;Prevenir o minimizar las amenazas al oído o la audición.;1992;;;
1650;CUIDADOS DE LOS OJOS;Prevenir o minimizar las posibles agresiones a los ojos o a la integridad visual.;1992, 2000;;;
1660;CUIDADOS DE LOS PIES;Limpieza e inspección de los pies con el objeto de conseguir relajación, limpieza y salud en la piel.;1992, 2004;;;
1670;CUIDADOS DEL CABELLO;Promoción del aseo, limpieza y aspecto del pelo.;1992, 2008;;;
1680;CUIDADOS DE LAS UÑAS;Fomentar el aspecto de las uñas y prevenir la aparición de lesiones en la piel relacionadas con un cuidado inadecuado de las uñas.;1992, 2004;;;
1710;MANTENIMIENTO DE LA SALUD BUCAL;Mantenimiento y fomento de la higiene bucal y la salud dental en pacientes con riesgo de desarrollar lesiones bucales o dentales.;1992, 2004;;;
1720;FOMENTAR LA SALUD BUCAL;Fomentar la higiene bucal y el cuidado dental en un paciente con salud bucal y dental normal.;1992;;;
1730;RESTABLECIMIENTO DE LA SALUD BUCAL;Fomento de la curación de un paciente que tiene una lesión dental o de la mucosa bucal.;1992;;;
1750;CUIDADOS PERINEALES;Mantenimiento de la integridad de la piel.;1992;;;
1770;CUIDADOS POST MORTEM;Proporcionar cuidados físicos al cuerpo de un paciente fallecido y apoyo para que la familia pueda ver el cuerpo.;1992;;;
1780;CUIDADOS DE UNA PRÓTESIS;Cuidado de n dispositivo extraíble usado por un paciente y prevención de complicaciones asociadas con su utilización.;1992;;;
1800;AYUDA AL AUTOCUIDADO;Ayudar a otra persona a realizar las actividades de la vida diaria.;1992, 2008;;;
1801;AYUDA CON LOS AUTOCUIDADOS: BAÑO/HIGIENE;Ayudar al paciente a realizar la higiene personal.;1992, 2008;;;
1802;AYUDA CON LOS AUTOCUIDADOS: VESTIR/ARREGLO PERSONAL;Ayudar a un paciente con las ropas y el maquillaje.;1992, 2008;;;
1803;AYUDA CON LOS AUTOCUIDADOS: ALIMENTACIÓN;Ayudar a una persona a comer.;1992, 2008;;;
1804;AYUDA CON LOS AUTOCUIDADOS: ASEO;Ayudar a otra persona en las eliminaciones.;1992, 2008;;;
1805;AYUDA CON LOS AUTOCUIDADOS: AIVD;Ayudar y enseñar a una persona a realizar actividades instrumentales de la vida diaria (AIVD) necesarias para funcionar en el hogar o en la comunidad.;2004;;;
1806;AYUDA CON LOS AUTOCUIDADOS: TRANSFERENCIA;Ayudar a una persona con limitación del movimiento independiente para aprender a cambiar de sitio el cuerpo.;2004, 2008;;;
1850;MEJORAR EL SUEÑO;Facilitar ciclos regulares de sueño/vigilia.;1992, 2004;;;
1860;TERAPIA DE DEGLUCIÓN;Facilitar la deglución y prevenir las complicaciones de una deglución defectuosa.;1992, 2000;;;
1870;CUIDADOS DEL DRENAJE;Actuación ante un paciente con un dispositivo de drenaje externo en el cuerpo.;"1992, 2008. Antes: ""Cuidado del drenaje""";;;
1872;CUIDADOS DEL DRENAJE TORÁCICO;Actuación ante un paciente con un dispositivo de drenaje torácico.;1992;;;
1874;CUIDADOS DE LA SONDA GASTROINTESTINAL;Actuación ante un paciente con una sonda gastrointestinal.;1992, 2000;;;
1875;CUIDADOS DEL CATÉTER UMBILICAL;Actuación ante un recién nacido con un catéter umbilical.;1996, 2008;;;
1876;CUIDADOS DEL CATÉTER URINARIO;Actuación ante un paciente con un equipo de catéter urinario.;1992, 2000;;;
1878;CUIDADOS DEL CATÉTER DE DRENAJE DE VENTRICULOSTOMÍA/LUMBAR;Actuación ante un paciente con un sistema de drenaje de líquido cefalorraquídeo externo.;1992;;;
1910;MANEJO ÁCIDO-BASE;Promover el equilibrio ácido-base y prevenir las complicaciones derivadas de un desequilibrio ácido-base.;1992;;;
1911;MANEJO ÁCIDO-BASE : ACIDOSIS METABÓLICA;Promoción del equilibrio ácido-base y prevención de complicaciones derivadas de niveles de HCO3 inferiores a los deseados.;1992;;;
1912;MANEJO ÁCIDO-BASE : ALCALOSIS METABÓLICA;Promover el equilibrio ácido-base y prevenir las complicaciones resultantes de niveles de HCO3 en suero superiores a los deseados.;1992, 2008;;;
1913;MANEJO ÁCIDO-BASE : ACIDOSIS RESPIRATORIA;Promover el equilibrio ácido-base y prevenir las complicaciones derivadas de niveles de pCO2 en suero superiores a los deseados.;1992, 2004;;;
1914;MANEJO ÁCIDO-BASE : ALCALOSIS RESPIRATORIA;Promoción del equilibrio ácido-base y prevención de complicaciones derivadas de niveles de pCO2 en suero inferiores a los deseados.;1992;;;
1920;MONITORIZACIÓN ÁCIDO-BASE;Recogida y análisis de los datos del paciente para regular el equilibrio de ácido-base.;1992;;;
2000;MANEJO DE ELECTRÓLITOS;Fomento del equilibrio de electrólitos y prevención de complicaciones derivadas de niveles de electrólitos en suero anormales o indeseados.;1992, 2008;;;
2001;MANEJO DE ELECTRÓLITOS: HIPERCALCEMIA;Favorecer el equilibrio del calcio y prevención de las complicaciones derivadas de niveles de calcio en suero superiores a los deseados.;1992, 2008;;;
2002;MANEJO DE ELECTRÓLITOS: HIPERCALIEMIA;Fomentar el equilibrio de potasio y prevención de complicaciones derivadas de niveles de potasio en suero superiores a los deseados.;1992, 2008;;;
2003;MANEJO DE ELECTRÓLITOS: HIPERMAGNESEMIA;Mantener el equilibrio del magnesio sérico y prevenir las complicaciones derivadas de los niveles de aquél superiores a los deseados.;1992, 2008;;;
2004;MANEJO DE ELECTRÓLITOS: HIPERNATREMIA;Favorecer el equilibrio del sodio sérico y prevenir las complicaciones derivadas de los niveles de aquél superiores a los deseados.;1992, 2008;;;
2005;MANEJO DE ELECTRÓLITOS: HIPERFOSFATEMIA;Favorecer el equilibrio de fosfato sérico y prevenir las complicaciones derivadas de los niveles de aquél superiores a los deseados.;1992, 2008;;;
2006;MANEJO DE ELECTRÓLITOS: HIPOCALCEMIA;Favorecer el equilibrio del calcio sérico y prevenir las complicaciones derivadas de los niveles de aquél inferiores a los deseados.;1992, 2008;;;
2007;MANEJO DE ELECTRÓLITOS: HIPOCALIEMIA;Favorecer el equilibrio de potasio sérico y prevenir las complicaciones derivadas de los niveles de aquél inferiores a los deseados.;1992, 2008;;;
2008;MANEJO DE ELECTRÓLITOS: HIPOMAGNESEMIA;Favorecer el equilibrio del magnesio sérico y prevenir las complicaciones derivadas de los niveles de aquél más bajos de los deseados.;1992, 2008;;;
2009;MANEJO DE ELECTRÓLITOS: HIPONATREMIA;Favorecer el equilibrio del sodio sérico y prevenir las complicaciones derivadas de los niveles de aquél inferiores a los deseados.;1992, 2008;;;
2010;MANEJO DE ELECTRÓLITOS: HIPOFOSFATEMIA;Favorecer el equilibrio de fosfato sérico y prevenir las complicaciones derivadas de los niveles de aquél inferiores a los deseados.;1992, 2008;;;
2020;MONITORIZACIÓN DE ELECTRÓLITOS;Recogida y análisis de los datos del paciente para regular el equilibrio de electrólitos.;1992, 2008;;;
2080;MANEJO DE LÍQUIDOS/ELECTRÓLITOS;Regular y prevenir las complicaciones derivadas de niveles de líquidos y/o electrólitos alterados.;1992;;;
2100;TERAPIA DE HEMODIÁLISIS;Actuación ante el paso extracorporal de la sangre del paciente a través de un dializador.;1992, 1996, 2004;;;
2110;TERAPIA DE HEMOFILTRACIÓN;Limpiar la sangre de un paciente gravemente enfermo a través de un hemofiltro controlado mediante la presión hidrostática del paciente.;2000;;;
2120;MANEJO DE LA HIPERGLUCEMIA;Prevenir y tratar los nivele de glucosa en sangre superiores a lo normal.;1992, 2004;;;
2130;MANEJO DE LA HIPOGLUCEMIA;Prevenir y tratar los nivele de glucosa en sangre inferiores a lo normal.;1992, 2000;;;
2150;TERAPIA DE DIÁLISIS PERITONEAL;Monitorización y cuidados en la diálisis peritoneal dentro y fuera de la cavidad peritoneal.;1992, 1996, 2004;;;
2210;ADMINISTRACIÓN DE ANALGÉSICOS;Utilización de agentes farmacológicos para disminuir o eliminar el dolor.;1992, 1996;;;
2214;ADMINISTRACIÓN DE ANALGÉSICOS: INTRAESPINAL;Administración de agentes farmacológicos en el espacio epidural o intratecal para reducir o eliminar el dolor.;1996;;;
2240;MANEJO DE LA QUIMIOTERAPIA;Ayuda al paciente y a la familia para que comprendan la acción y minimizar los efectos secundarios de los agentes antineoplásicos.;1992, 2008;;;
2260;MANEJO DE LA SEDACIÓN;Administración de sedantes, control de la respuesta del paciente y disposición del apoyo psicológico necesario durante el procedimiento diagnóstico o terapéutico.;1996, 2000, 2004;;;
2280;TERAPIA DE SUSTITUCIÓN HORMONAL;Facilitar el uso seguro y eficaz de la terapia de sustitución hormonal.;2004;;;
2300;ADMINISTRACIÓN DE MEDICACIÓN;Facilitar el uso seguro y eficaz de la terapia de sustitución hormonal.;1992;;;
2301;ADMINISTRACIÓN DE MEDICACIÓN: ENTERAL;Administración de medicamentos a través de una sonda introducida en el sistema gastrointestinal.;1992, 1996, 2004;;;
2302;ADMINISTRACIÓN DE MEDICACIÓN: INTERPLEURAL;Administración de medicación a través de un catéter interpleural para disminuir el dolor.;1992, 2008;;;
2303;ADMINISTRACIÓN DE MEDICACIÓN: INTRAÓSEA;Inserción de una aguja a través del hueso, en la médula ósea, con el fin de administrar líquidos, sangre o medicamentos de emergencia, en un corto período de tiempo.;1996, 2004;;;
2304;ADMINISTRACIÓN DE MEDICACIÓN: ORAL;Preparación y administración de medicamentos por la boca.;1992, 2000, 2004;;;
2307;ADMINISTRACIÓN DE MEDICACIÓN: RESERVORIO VENTRICULAR;Administración y monitorización de la medicación a través de un catéter implantado en el ventrículo lateral.;1996, 2000, 2004;;;
2308;ADMINISTRACIÓN DE MEDICACIÓN: ÓTICA;Preparación e instilación de medicamentos óticos.;2000, 2004;;;
2310;ADMINISTRACIÓN DE MEDICACIÓN: OFTÁLMICA;Preparación e instilación de medicamentos oftálmicos.;2000, 2004;;;
2311;ADMINISTRACIÓN DE MEDICACIÓN: INHALATORIA;Preparación y administración de medicamentos por inhalación.;"2000, 2004. Antes: ""Administración de medicación: inhalación""";;;
2312;ADMINISTRACIÓN DE MEDICACIÓN: INTRADÉRMICA;Preparación y administración de medicamentos por vía intradérmica.;2000;;;
2313;ADMINISTRACIÓN DE MEDICACIÓN: INTRAMUSCULAR (IM);Preparación y administración de medicamentos por vía intramuscular.;2000, 2004;;;
2314;ADMINISTRACIÓN DE MEDICACIÓN: INTRAVENOSA (IV);Preparación y administración de medicamentos por vía intravenosa.;2000, 2004;;;
2315;ADMINISTRACIÓN DE MEDICACIÓN: RECTAL;Preparación e introducción de supositorios rectales.;2000, 2004;;;
2316;ADMINISTRACIÓN DE MEDICACIÓN: TÓPICA;Preparación y aplicación de medicamentos en la piel.;2000;;;
2317;ADMINISTRACIÓN DE MEDICACIÓN: SUBCUTÁNEA;Preparación y administración de medicaciones por vía subcutánea.;2000, 2004;;;
2318;ADMINISTRACIÓN DE MEDICACIÓN: VAGINAL;Preparación e introducción de medicaciones vaginales.;2000, 2004;;;
2319;ADMINISTRACIÓN DE MEDICACIÓN: INTRAESPINAL;Administrar y controlar la medicación a través de una vía epidural o intratecal.;2004;;;
2320;ADMINISTRACIÓN DE MEDICACIÓN: NASAL;Preparación y administración de medicamentos a través de los conductos nasales.;2004;;;
2380;MANEJO DE LA MEDICACIÓN;Facilitar la utilización segura y efectiva de los medicamentos prescritos y de libre dispensación.;1992, 1996, 2000, 2004;;;
2390;PRESCRIBIR MEDICACIÓN;Prescribir medicación para un problema de salud.;1996, 2004;;;
2395;CONTROL DE LA MEDICACION;Comparación de las medicaciones que el paciente toma en casa con el ingreso, traslado y/o alta para asegurar la exactitud y la seguridad del paciente.;2008;;;
2400;ASISTENCIA EN LA ANALGESIA CONTROLADA POR EL PACIENTE (ACP);Facilitar el control por parte del paciente de la administración y regulación de los analgésico.;1992;;;
2440;MANTENIMIENTO DE DISPOSITIVOS DE ACCESO VENOSO (DAV);Manejo del paciente con acceso venoso prolongado mediante catéteres perforados o no perforados y los implantados.;1996, 2000;;;
2540;MANEJO DEL EDEMA CEREBRAL;Limitación de lesiones cerebrales secundarias derivadas de la inflamación del tejido cerebral.;1992, 2004;;;
2550;MEJORA DE LA PERFUSIÓN CEREBRAL;Fomento de una perfusión adecuada y limitación de complicaciones en un paciente que experimenta o corre el riesgo de experimentar una perfusión cerebral incorrecta.;1996;;;
2560;MANEJO DE LA DISREFLEXIA;Prevención y eliminación de los estímulos causados por reflejos hiperactivos y respuestas autónomas inadecuadas en un paciente que padece una lesión de columna cervical o dorsal superior.;1992, 2008;;;
2570;MANEJO DE LA TERAPIA ELECTROCONVULSIVA;Ayuda en el suministro seguro y eficaz de terapia electroconvulsiva en el tratamiento de una enfermedad psiquiátrica.;2004;;;
2590;MONITORIZACION DE LA PRESIÓN INTRACRANEAL (PIC);Medición e interpretación de los datos del paciente para regular la presión intracraneal.;1992, 2008;;;
2620;MONITORIZACIÓN NEUROLÓGICA;Recogida y análisis de los datos del paciente para evitar o minimizar las complicaciones neurológicas.;1992, 1996;;;
2660;MANEJO DE LA SENSIBILIDAD PERIFÉRICA ALTERADA;Prevenir o minimizar lesiones o molestias en el paciente con sensibilidad alterada.;1992;;;
2680;MANEJO DE LAS CONVULSIONES;Cuidados del paciente durante un ataque convulsivo y el estado postictal.;1992;;;
2690;PRECAUCIONES CONTRA LAS CONVULSIONES;Prevenir o minimizar lesiones potenciales sufridas por un paciente con un trastorno de ataques convulsivos conocido.;1992;;;
2720;PRECAUCIONES CONTRA LA HEMORRAGIA SUBARACNOIDEA;Disminución de estímulos o factores estresantes internos y externos para minimizar el riesgo de hemorragias recurrentes antes de una cirugía o procedimiento endovascular para reparar la rotura del aneurisma.;1992, 2008;;;
2760;MANEJO ANTE LA ANULACIÓN DE UN LADO DEL CUERPO;Protección y recuperación segura de la parte corporal afectada de un paciente, a la vez que se le ayuda a adaptarse a capacidades perceptivas perturbadas.;1996;;;
2840;ADMINISTRACIÓN DE ANESTESIA;Preparación y administración de agentes anestésicos y vigilancia de la respuesta del paciente durante la administración.;1992, 1996;;;
2860;AUTOTRANSFUSIÓN;Recogida y reinfusión de sangre perdida durante una operación o después de ella por heridas limpias.;1996, 2008;;;
2870;CUIDADOS POSTANESTESIA;Control y seguimiento de un paciente que ha sido sometido recientemente a anestesia general o local.;1996, 2004;;;
2880;COORDINACIÓN PREOPERATORIA;Facilitar las pruebas de diagnóstico y la preparación preingreso del paciente quirúrgico.;1996, 2000;;;
2900;ASISTENCIA QUIRÚRGICA;Asistencia al cirujano/dentista en los procedimientos operatorios y en cuidados del paciente quirúrgico.;1996;;;
2920;PRECAUCIONES QUIRURGICAS;Minimizar las posibilidades de lesiones yatrogénicas en el paciente involucrado en un procedimiento quirúrgico.;1996;;;
2930;PREPARACIÓN QUIRURGICA;Provisión de cuidados a un paciente inmediatamente antes de la cirugía y verificación de los procedimientos/pruebas y documentación requeridos en el registro clínico.;1992, 2000;;;
3000;CUIDADOS DE LA CIRCUNCISIÓN;Apoyo antes y después del procedimiento en los pacientes sometidos a una circuncisión.;2004;;;
3120;INTUBACIÓN Y ESTABILIZACIÓN DE VÍAS AÉREAS;Inserción o ayuda en la intubación y estabilización de una vía aérea artificial.;1992;;;
3140;MANEJO DE LAS VÍAS AÉREAS;Asegurar la permeabilidad de la vía aérea.;1992, 2000, 2004;;;
3160;ASPIRACIÓN DE LAS VÍAS AÉREAS;Extracción de secreciones de las vías aéreas mediante la introducción de un catéter de aspiración en la vía aérea oral y /o la tráquea del paciente.;1992;;;
3180;MANEJO DE LAS VÍAS AÉREAS ARTIFICIALES;Mantenimiento de los tubos endotraqueales o de traqueostomía y prevención de complicaciones asociadas con su utilización.;1992;;;
3200;PRECAUCIONES PARA EVITAR LA ASPIRACIÓN;Prevención o disminución al mínimo de los factores de riesgo en el paciente con riesgo de aspiración.;1992;;;
3210;MANEJO DEL ASMA;Identificación, tratamiento y prevención de las reacciones inflamatorias de las vías aéreas.;2004;;;
3230;FISIOTERAPIA RESPIRATORIA;Ayudar al paciente a expulsar las secreciones de la vía aérea alta y facilitar la expectoración y/o aspiración de la vía aérea baja.;1992;;;
3250;MEJORAR LA TOS;Fomento de una inhalación profunda en el paciente con la consiguiente generación de altas presiones intratorácicas y compresión del parénquima pulmonar subyacente para la expulsión forzada del aire.;1992, 2004;;;
3270;DESINTUBACIÓN ENDOTRAQUEAL;Retirada intencionada del tubo endotraqueal de la vía aérea nasofaríngea u orofaríngea.;1996;;;
3300;MANEJO DE LA VENTILACIÓN MECÁNICA: INVASIVA;Ayudar a un paciente a recibir un soporte respiratorio artificial con un dispositivo insertado en la tráquea.;"1992, 2000, 2008. Antes: ""Ventilación mecánica""";;;
3302;MANEJO DE LA VENTILACIÓN MECÁNICA: NO INVASIVA;Ayuda a un paciente para recibir un soporte respiratorio artificial cuando no necesita la introducción de un dispositivo en la tráquea.;2008;;;
3310;DESTETE DE LA VENTILACIÓN MECÁNICA;Ayuda al paciente para que respire sin asistencia del ventilador mecánico.;1992, 1996, 2008;;;
3320;OXIGENOTERAPIA;Administración de oxígeno y control de su eficacia.;1992, 2000;;;
3350;MONITORIZACIÓN RESPIRATORIA;Reunión y análisis de datos de un paciente para asegurar la permeabilidad de las vías aéreas y el intercambio de gas adecuado.;1992;;;
3390;AYUDA A LA VENTILACIÓN;Estimulación de un esquema respiratorio espontáneo óptimo que aumente el intercambio de oxígeno y dióxido de carbono en los pulmones.;1992, 2000;;;
3420;CUIDADOS DEL PACIENTE AMPUTADO;Promover la curación física y psicológica anterior y posterior a la amputación de un miembro corporal.;1992, 2004;;;
3440;CUIDADOS DEL SITIO DE INCISIÓN;Limpieza, seguimiento y fomento de la curación de una herida cerrada mediante suturas, clips o grapas.;1992, 2000;;;
3460;TERAPIA CON SANGUIJUELAS;Aplicación de sanguijuelas medicinales que ayuden a drenar tejido replantado o trasplantado congestionado con sangre venosa.;1996, 2004;;;
3480;MONITORIZACIÓN DE LAS EXTREMIDADES INFERIORES;Recogida, análisis y uso de los datos del paciente para clasificar el riesgo y prevenir lesiones en las extremidades inferiores.;2004;;;
3500;MANEJO DE PRESIONES;Minimizar la presión sobre las partes corporales.;1992, 1996;;;
3520;CUIDADOS DE LAS ÚLCERAS POR PRESIÓN;Facilitar la curación de úlceras por presión.;1992, 2000, 2004;;;
3540;PREVENCIÓN DE ÚLCERAS POR PRESIÓN;Prevención de la formación de úlceras por presión en un individuo con alto riesgo de desarrollarlas.;1992, 1996, 2000, 2004;;;
3550;MANEJO DEL PRURITO;Prevención y tratamiento del prurito.;2000;;;
3582;CUIDADOS DE LA PIEL: ZONA DONANTE;Prevención de complicaciones en la herida y fomento de la curación de la zona donante.;2004;;;
3583;CUIDADOS DE LA PIEL: ZONA DEL INJERTO;Prevención de complicaciones en la herida y fomento de la curación de la zona del injerto.;2004;;;
3584;CUIDADOS DE LA PIEL: TRATAMIENTO TÓPICO;Aplicación de sustancias tópicas o manipulación de dispositivos para promover la integridad de la piel y minimizar la pérdida de la solución de continuidad.;1992, 1996, 2000;;;
3590;VIGILANCIA DE LA PIEL;Recogida y análisis de datos del paciente con el propósito de mantener la integridad de la piel y de las membranas mucosas.;1992, 2008;;;
3620;SUTURA;Aproximación de los bordes de una herida mediante material de sutura estéril y una aguja.;1992, 1996;;;
3660;CUIDADOS DE LAS HERIDAS;Prevención de complicaciones de las heridas y estimulación de la curación de las mismas.;1992, 2000, 2004, 2008;;;
3661;CUIDADOS DE LAS HERIDAS: QUEMADURAS;Prevención de complicaciones de las heridas debidas a quemaduras y estimulación de la curación de las mismas.;2008;;;
3662;CUIDADOS DE LAS HERIDAS: DRENAJE CERRADO;Mantenimiento de un sistema de drenaje de presión en una herida.;1992;;;
3680;IRRIGACIÓN DE LAS HERIDAS;Irrigación de una herida abierta para limpiar y extraer los restos y el drenaje excesivo.;1992;;;
3740;TRATAMIENTO DE LA FIEBRE;Actuación ante un paciente con hipertermia causada por factores no ambientales.;1992;;;
3780;TRATAMIENTO DE LA EXPOSICION AL CALOR;Manejo del paciente con golpe de calor debido a una exposición ambiental excesiva de calor.;1992, 2000;;;
3790;INDUCCIÓN DE LA HIPOTERMIA;Alcance y mantenimiento de la temperatura corporal por debajo de 35º C y controlar los efectos secundarios y/o prevenir las complicaciones.;2008;;;
3800;TRATAMIENTO DE LA HIPOTERMIA;Calentamiento y vigilancia de un paciente cuya temperatura corporal central se encuentra por debajo de 35ºC.;1992;;;
3840;PRECAUCIONES EN LA HIPERTERMIA MALIGNA;Prevenir o disminuir la respuesta hipermetabólica a los agentes farmacológicos utilizados durante la cirugía.;"1996. Antes: ""Precauciones con hipertermia maligna""";;;
3900;REGULACIÓN DE LA TEMPERATURA;Consecución y mantenimiento de la temperatura corporal dentro del margen normal.;1992;;;
3902;REGULACIÓN DE LA TEMPERATURA: INTRAOPERATORIA;Consecución y/o mantenimiento de la temperatura corporal deseada durante la operación.;1996;;;
4010;PREVENCIÓN DE HEMORRAGIA;Disminución de los estímulos que pueden inducir hemorragias en pacientes con riesgo de sufrirlas.;"1992, 1996. Antes: ""Precauciones con hemorragias""";;;
4020;DISMINUCIÓN DE LA HEMORRAGIA;Limitación del volumen de pérdida de sangre durante un episodio de hemorragia.;1992, 2008;;;
4021;DISMINUCIÓN DE LA HEMORRAGIA: ÚTERO ANTEPARTO;Limitación de la cantidad de pérdida de sangre del útero durante el tercer trimestre del embarazo.;1996;;;
4022;DISMINUCIÓN DE LA HEMORRAGIA: GASTROINTESTINAL;Limitación de la cantidad de sangre perdida del tracto gastrointestinal superior e inferior y de las complicaciones relacionadas.;1992, 2008;;;
4024;DISMINUCIÓN DE LA HEMORRAGIA: NASAL;Limitación de la cantidad de sangre perdida por la cavidad nasal.;1992, 2008;;;
4026;DISMINUCIÓN DE LA HEMORRAGIA: ÚTERO POSPARTO;Limitación de la pérdida de sangre del útero posparto.;1996;;;
4028;DISMINUCIÓN DE LA HEMORRAGIA: HERIDAS;Limitación de la pérdida de sangre de heridas ocasionadas por traumas, incisiones o la colocación de una sonda o catéter.;1992, 2008;;;
4030;ADMINISTRACIÓN DE PRODUCTOS SANGUÍNEOS;Administración de sangre y hemoderivados y monitorizar la respuesta del paciente.;1992, 1996, 2004;;;
4035;MUESTRA DE SANGRE CAPILAR;Obtención por punción transcutánea de una muestra sanguínea periférica del cuerpo, como talón, un dedo u otro lugar.;2004;;;
4040;CUIDADOS CARDIACOS;Limitación de las complicaciones derivadas de un desequilibrio entre el aporte y la demanda de oxígeno miocárdico en pacientes con síntomas de deterioro de la función cardíaca.;1992, 2000;;;
4044;CUIDADOS CARDIACOS AGUDOS;Limitación de las complicaciones en un paciente que ha experimentado recientemente un episodio de desequilibrio entre el aporte y la demanda de oxígeno miocárdico derivado de deterioro de la función cardíaca.;1992, 2000;;;
4046;CUIDADOS CARDIACOS: REHABILITACIÓN;Fomento de un máximo nivel de actividad funcional de un paciente que ha sufrido un episodio de deterioro de la función cardíaca derivado de un desequilibrio entre el aporte y la demanda de oxígeno miocárdico.;1992, 2000;;;
4050;PRECAUCIONES CARDIACAS;Prevención de un episodio agudo de la función cardíaca deteriorada al minimizar el consumo de oxígeno del miocardio o aumentar el aporte de oxígeno al miocardio.;1992;;;
4062;CUIDADOS CIRCULATORIOS: INSUFICIENCIA ARTERIAL;Fomento de la circulación arterial.;2000, 2004;;;
4064;CUIDADOS CIRCULATORIOS: DISPOSITIVO DE AYUDA MECÁNICO;Apoyo temporal de la circulación por medio del uso de dispositivos mecánicos o bombas.;1996, 2000;;;
4066;CUIDADOS CIRCULATORIOS: INSUFICIENCIA VENOSA;Fomento de la circulación venosa.;2000, 2004;;;
4070;PRECAUCIONES CIRCULATORIAS;Protección de una zona localizada con limitación de la perfusión.;1992;;;
4090;MANEJO DE LA DISRITMIA;Prevenir, reconocer y facilitar el tratamiento del ritmo cardíaco anormal.;1992;;;
4091;MANEJO DEL MARCAPASOS: PERMANENTE;Cuidado del paciente que recibe soporte permanente de una bomba cardáiaca con la introducción y uso de marcapasos.;2008;;;
4092;MANEJO DEL MARCAPASOS: TEMPORAL;Apoyo temporal de bombeo cardíaco mediante la introducción y uso de marcapasos temporales.;"2004, 2008. Antes: ""Manejo del marcapasos temporal""";;;
4095;MANEJO DEL DESFIBRILADOR: EXTERNO;Cuidado del paciente que es defibrilado para revertir las alteraciones del ritmo cardíaco potencialmente mortales.;2008;;;
4096;MANEJO DEL DESFIBRILADOR: INTERNO;Cuidado del paciente que recibe la parada o resolución de alteraciones del ritmo cardíaco potencialmente mortales con la introducción y uso de un desfibrilador cardíaco interno.;2008;;;
4104;CUIDADOS DEL EMBOLISMO: PERIFÉRICO;Limitación de complicaciones en un paciente que experimenta o está en situación de riesgo de sufrir oclusión de la circulación periférica.;1992;;;
4106;CUIDADOS DEL EMBOLISMO: PULMONAR;Limitación de complicaciones en un paciente que experimenta o está en situación de riesgo de sufrir oclusión de la circulación pulmonar.;1992;;;
4110;PRECAUCIONES EN EL EMBOLISMO;Disminución del riesgo de formación de émbolos en el paciente con trombos o en situación de riesgo de desarrollar trombos.;1992;;;
4120;MANEJO DE LÍQUIDOS;Mantener el equilibrio de líquidos y prevenir las complicaciones derivadas de los niveles de líquidos anormales o no deseados.;1992, 2000;;;
4130;MONITORIZACIÓN DE LÍQUIDOS;Recogida y análisis de los datos del paciente para regular el equilibrio de líquidos.;1992;;;
4140;REPOSICIÓN DE LÍQUIDOS;Administración de los líquidos intravenosos prescritos de forma rápida.;1992, 2008;;;
4150;REGULACIÓN HEMODINÁMICA;Mejora de la frecuencia, la precarga, la poscarga y la contractilidad cardíacas.;1992;;;
4160;CONTROL DE HEMORRAGIAS;Disminución o eliminación de una pérdida rápida y excesiva de sangre.;1992;;;
4170;MANEJO DE LA HIPERVOLEMIA;Disminución del volumen de líquido extracelular y/o intracelular y prevención de complicaciones en un paciente con sobrecarga de líquidos.;1992;;;
4180;MANEJO DE LA HIPOVOLEMIA;Expansión del volumen de líquido intravascular en un paciente con volumen reducido.;1992;;;
4190;PUNCIÓN INTRAVENOSA (i.v.);Inserción de una aguja en una vena periférica al efecto de administrar líquidos, sangre o fármacos.;1992;;;
4200;TERAPIA INTRAVENOSA (i.v);Administración y control de líquidos y fármacos por vía intravenosa.;1992, 2004;;;
4210;MONITORIZACIÓN HEMODINÁMICA INVASIVA;Medición e interpretación de parámetros hemodinámicos invasivos para determinar la función cardiovascular y regular la terapia, si procede.;1992, 2000, 2004;;;
4220;CUIDADOS DEL CATÉTER CENTRAL INSERTADO PERIFÉRICAMENTE;Inserción y mantenimiento de un catéter central insertado periféricamente, ya esté situado en la línea media o central.;1992, 2004;;;
4232;FLEBOTOMÍA: MUESTRA DE SANGRE ARTERIAL;Obtención de una muestra sanguínea de una arteria sin canalizar para valorar los niveles de oxígeno y dióxido de carbono y el equilibrio ácido-base.;1996, 2004;;;
4234;FLEBOTOMÍA: OBTENCIÓN DE UNA UNIDAD DE SANGRE;Obtención de sangre y productos sanguíneos de donantes.;1996, 2004;;;
4235;FLEBOTOMÍA: VÍA CANALIZADA;Extracción de una muestra de sangre a través de un catéter vascular permanente para pruebas de laboratorio.;2004;;;
4238;FLEBOTOMÍA: MUESTRA DE SANGRE VENOSA;Extracción de una muestra sanguínea venosa de una vena sin canalizar.;1996;;;
4240;MANTENIMIENTO DEL ACCESO PARA DIÁLISIS;Conservación de lugares de acceso vascular (arteriales-venosos).;"2004. Antes: ""Mantenimiento acceso diálisis""";;;
4250;MANEJO DEL SHOCK;Facilitar el aporte de oxígeno y nutrientes al tejido sistémico y extracción de productos de desecho celular en un paciente con perfusión tisular gravemente alterada.;1992, 2004, 2008;;;
4254;MANEJO DEL SHOCK: CARDÍACO;Estimulación de una perfusión tisular adecuada para un paciente con función de bombeo cardíaco gravemente comprometida.;1992, 2008;;;
4256;MANEJO DEL SHOCK: VASOGÉNICO;Fomentar una perfusión tisular adecuada para un paciente con grave pérdida de tono vascular.;1992, 2008;;;
4258;MANEJO DEL SHOCK: VOLUMEN;Estimulación de una perfusión tisular adecuada para un paciente con volumen vascular gravemente comprometido.;1992, 2008;;;
4260;PREVENCIÓN DEL SHOCK;Detección y tratamiento de un paciente con riesgo de shock inminente.;1992, 2008;;;
4270;MANEJO DE LA TERAPIA TROMBOLÍTICA;Recogida y análisis de datos del paciente para ofrecer una provisión urgente adecuada de un agente que disuelve un trombo.;2008;;;
4310;TERAPIA DE ACTIVIDAD;Prescripción de y asistencia en actividades físicas, cognitivas, sociales y espirituales específicas para aumentar el margen, frecuencia o duración de la actividad de un individuo (o grupo).;1992;;;
4320;TERAPIA ASISTIDA CON ANIMALES;Utilización intencionada de animales para conseguir afecto, atención, diversión y relajación.;1992, 2000;;;
4330;TERAPIA ARTÍSTICA;Facilitación de la comunicación por medio de dibujos u otras formas de arte.;1992;;;
4340;ENTRENAMIENTO DE LA ASERTIVIDAD;Ayuda en la expresión efectiva de sentimientos, necesidades e ideas a la vez que se respetan los derechos de los demás.;1992, 1996;;;
4350;MANEJO DE LA CONDUCTA;Ayudar al paciente a controlar el comportamiento negativo.;1992, 2000;;;
4352;MANEJO DE LA CONDUCTA: HIPERACTIVIDAD / FALTA DE ATENCIÓN;Provisión de medios terapéuticos para reconducir de manera segura el déficit y/o hiperactividad de atención del paciente a la vez que se facilita una función óptima.;1996;;;
4354;MANEJO DE LA CONDUCTA: AUTOLESIÓN;Ayudar al paciente para que disminuya o elimine la conducta de autolesión o abuso de sí mismo.;1996;;;
4356;MANEJO DE LA CONDUCTA: SEXUAL;Limitación y prevención de conductas sexuales socialmente inaceptables.;1996;;;
4360;MODIFICACIÓN DE LA CONDUCTA;Promoción de un cambio de conducta.;1992;;;
4362;MODIFICACIÓN DE LA CONDUCTA: HABILIDADES SOCIALES;Ayuda al paciente para que desarrolle o mejore las habilidades sociales interpersonales.;1996;;;
4370;ENTRENAMIENTO PARA CONTROLAR LOS IMPULSOS;Ayudar al paciente a controlar la conducta impulsiva mediante la aplicación de estrategias de solución de problemas a situaciones sociales e interpersonales.;1996;;;
4380;ESTABLECER LÍMITES;Establecer los parámetros de una conducta deseable y aceptable del paciente.;1992, 2008;;;
4390;TERAPIA CON EL ENTORNO;Utilización de personas, recursos y sucesos del ambiente inmediatos al paciente para promover un funcionamiento psicosocial óptimo.;"1992, 1996. Antes: ""Terapia con el ambiente""";;;
4400;MUSICOTERAPIA;Utilización de la música para ayudar a conseguir un cambio específico de conductas, sentimientos o fisiológico.;1992, 2000, 2004;;;
4410;ESTABLECIMIENTO DE OBJETIVOS COMUNES;Colaboración con el paciente para identificar y dar prioridad a los objetivos de cuidados y desarrollar luego un plan para alcanzar estos objetivos.;1992, 2000;;;
4420;ACUERDO CON EL PACIENTE;Negocio de un acuerdo con el paciente para reforzar un cambio de conducta específico.;1992, 2004, 2008;;;
4430;TERAPIA CON JUEGOS;Utilización intencionada de juguetes u otros equipos para ayudar al paciente a comunicar su percepción del mundo y ayudarle en su interacción con el ambiente.;1992, 2000;;;
4470;AYUDA EN LA MODIFICACIÓN DE SI MISMO;Reafirmación del cambio autodirigido puesto en marcha por el paciente para conseguir metas personales importantes.;1992;;;
4480;FACILITAR LA AUTORRESPONSABILIDAD;Animar a un paciente a  que asuma más responsabilidad de su propia conducta.;1992, 1996;;;
4490;AYUDA PARA DEJAR DE FUMAR;Ayuda a un paciente para que deje de fumar.;1992, 2000, 2004;;;
4500;PREVENCIÓN DEL CONSUMO DE SUSTANCIAS NOCIVAS;Potenciar un estilo de vida que evite el uso de alcohol y drogas.;1992, 2000;;;
4510;TRATAMIENTO POR EL CONSUMO DE SUSTANCIAS NOCIVAS;Cuidados de apoyo del paciente/miembros de la familia con problemas físicos y psicosociales asociados con el consumo de alcohol o drogas.;1992;;;
4512;TRATAMIENTO POR EL CONSUMO DE SUSTANCIAS NOCIVAS: RETIRADA DEL ALCOHOL;Cuidado de un paciente que experimenta una retirada brusca en el consumo de alcohol.;1992, 2000;;;
4514;TRATAMIENTO POR EL CONSUMO DE SUSTANCIAS NOCIVAS: RETIRADA DE LAS DROGAS;Cuidados de un paciente que pasa por un proceso de desintoxicación de drogas.;1992;;;
4516;TRATAMIENTO POR EL CONSUMO DE SUSTANCIAS NOCIVAS: SOBREDOSIS;Vigilancia, tratamiento y apoyo emocional de un paciente que ha ingerido fármacos recetados o de venta libre en cantidad superior al margen terapéutico.;1992;;;
4640;AYUDA PARA EL CONTROL DEL ENFADO;Facilitación de la expresión del enfado de manera adecuada y no violenta.;1992, 2008;;;
4680;BIBLIOTERAPIA;Utilización terapéutica de la literatura para potenciar la expresión de sentimientos y resolución activa de problemas, afrontamiento o perspicacia.;1992, 2008;;;
4700;REESTRUCTURACIÓN COGNITIVA;Estimular al paciente para que altere los esquemas de pensamiento desordenados y se vea a sí mismo y al mundo de forma más realista.;1992, 2000, 2004;;;
4720;ESTIMULACIÓN COGNOSCITIVA;Favorecer la conciencia y comprensión del entorno por medios de la utilización de estímulos planificados.;1992;;;
4740;LLEVAR UN DIARIO;Promover la escritura como medio para facilitar el reflejo y el análisis de sucesos pasados, experiencias, pensamientos y sentimientos.;2008;;;
4760;ENTRENAMIENTO DE LA MEMORIA;Mejorar la memoria.;1992, 2004;;;
4820;ORIENTACIÓN DE LA REALIDAD;Fomento de la consciencia del paciente acerca de la identidad personal, tiempo y ambiente.;1992, 2008;;;
4860;TERAPIA DE REMINISCENCIA;Utilización del recuerdo de sucesos, sentimientos y pensamientos pasados para facilitar el placer, la calidad de vida o la adaptación a las circunstancias actuales.;1992, 1996, 2000, 2004;;;
4920;ESCUCHA ACTIVA;Gran atención y determinación de la importancia de los mensajes verbales y no verbales del paciente.;1992, 1996, 2004;;;
4974;MEJORAR LA COMUNICACIÓN: DÉFICIT AUDITIVO;Ayuda en la aceptación y aprendizaje de los métodos alternativos para vivir con una disminución de la capacidad auditiva.;1992, 2000;;;
4976;MEJORAR LA COMUNICACIÓN: DÉFICIT DEL HABLA;Ayuda en la aceptación y aprendizaje de los métodos alternativos para vivir con trastornos del habla.;1996;;;
4978;MEJORAR LA COMUNICACIÓN: DÉFICIT VISUAL;Ayuda en la aceptación y aprendizaje de los métodos alternativos para vivir con disminución de la agudeza visual.;1992;;;
5000;RELACIONES COMPLEJAS EN EL HOSPITAL;Establecimiento de una relación terapéutica con un paciente para promover la perspicacia y el cambio conductual.;1996, 2004, 2008;;;
5020;MEDIACION DE CONFLICTOS;Facilitación del diálogo constructivo entre partes opuestas con el objetivo de resolver conflictos de una manera aceptable para ambas partes.;2000;;;
5100;POTENCIACIÓN DE LA SOCIALIZACIÓN;Facilitar la capacidad de una persona para interactuar con otros.;1992, 2000, 2004, 2008;;;
5210;GUÍA DE ANTICIPACIÓN;Preparación del paciente para anticipación de una crisis en desarrollo y/o circunstancial.;1992;;;
5220;POTENCIACIÓN DE LA IMAGEN CORPORAL;Mejora de las percepciones y actitudes conscientes e inconscientes del paciente hacia su cuerpo.;1992, 2000;;;
5230;AUMENTAR EL AFRONTAMIENTO;Ayudar al paciente a adaptarse a los factores estresantes, cambios o amenazas perceptibles que interfieran en el cumplimiento de las exigencias y papeles de la vida cotidiana.;1992;;;
5240;ASESORAMIENTO;Utilización de un proceso de ayuda interactiva centrado en las necesidades, problemas o sentimientos del paciente y sus seres queridos para fomentar o apoyar la capacidad de resolver problemas y las relaciones interpersonales.;1992, 2000;;;
5242;ASESORAMIENTO GENÉTICO;Utilización de un proceso de ayuda interactivo centrado en la prevención de un trastorno genético o en la capacidad de interactuar con un miembro familiar que tiene un trastorno genético.;1992, 2000;;;
5244;ASESORAMIENTO EN LA LACTANCIA;Utilización de un proceso interactivo de asistencia para ayudar en el mantenimiento de una alimentación de pecho satisfactoria.;1996, 2000;;;
5246;ASESORAMIENTO NUTRICIONAL;Utilización de un proceso de ayuda interactivo centrado en la necesidad de modificación de la dieta.;1992, 1996;;;
5247;ASESORAMIENTO ANTES DE LA CONCEPCIÓN;Analizar y proporcionar información y apoyo a las personas en edad fértil antes del embarazo para fomentar la salud y reducir riesgos.;1996, 2000;;;
5248;ASESORAMIENTO SEXUAL;Utilización de un proceso de ayuda interactivo que se centre en la necesidad de realizar ajustes de la práctica sexual o para potenciar la resolución de un suceso / trastorno sexual.;1992;;;
5250;APOYO EN LA TOMA DE DECISIONES;Proporcionar información y apoyo a un paciente que debe tomar una decisión sobre cuidados sanitarios.;"1992, 2008. Antes: ""Apoyo en toma de decisiones""";;;
5260;CUIDADOS EN LA AGONÍA;Prestar comodidad física y paz psicológica en la fase final de la vida.;1992;;;
5270;APOYO EMOCIONAL;Proporcionar seguridad, aceptación y ánimo en momentos de tensión.;1992, 2004;;;
5280;FACILITAR EL PERDÓN;Ayudar al deseo de un individuo para sustituir los sentimientos de enfado y resentimiento hacia otro, uno mismo o sus superiores, por beneficiencia, empatía y humildad.;1996, 2008;;;
5290;FACILITAR EL DUELO;Ayuda en la resolución de una pérdida importante.;1992, 2004;;;
5294;FACILITAR EL DUELO: MUERTE PERINATAL;Ayuda en la resolución de una pérdida perinatal.;1996;;;
5300;FACILITAR LA EXPRESIÓN DEL SENTIMIENTO DE CULPA;Ayudar a una persona a enfrentarse con sentimientos dolorosos de responsabilidad, real o percibida.;1992, 2008;;;
5310;DAR ESPERANZA;Aumentar la creencia de la propia capacidad para iniciar y mantener acciones.;1992, 2008;;;
5320;HUMOR;Facilitar que el paciente perciba, aprecie y exprese lo que es divertido, gracioso o absurdo al efecto de establecer relaciones, aliviar tensiones, liberar sentimientos de ira, facilitar la enseñanza o enfrentarse a sentimientos dolorosos.;1992, 2008;;;
5330;CONTROL DEL HUMOR;Proporcionar seguridad, estabilidad, recuperación y mantenimiento a un paciente que experimenta un humor disfuncionalmente deprimido o eufórico.;1996, 2000;;;
5340;PRESENCIA;Permanecer con otra persona durante los momentos de necesidad, tanto física como psicológica.;1992, 1996, 2000;;;
5350;DISMINUCIÓN DEL ESTRÉS POR TRASLADO;Ayudar al individuo a prepararse y a afrontar el traslado de un entorno a otro.;2004;;;
5360;TERAPIA DE ENTRETENIMIENTO;Utilización intencionada de actividades recreativas para fomentar la relajación y potenciar las capacidades sociales.;1992, 1996;;;
5370;POTENCIACIÓN DE ROLES;Ayudar a un paciente, a un ser querido y / o a la familia a mejorar sus relaciones clarificando y complementando las conductas de papeles específicos.;1992, 2008;;;
5380;POTENCIACIÓN DE LA SEGURIDAD;Intensificar el sentido de seguridad física y psicológica de un paciente.;1992;;;
5390;POTENCIACIÓN DE LA CONCIENCIA DE SÍ MISMO;Ayudar a un paciente a que explore y comprenda sus pensamientos, sentimientos, motivaciones y conductas.;1992, 2004;;;
5395;MEJORA DE LA AUTOCONFIANZA;Refuerzo de la confianza de un individuo de su capacidad de desarrollar una conducta saludable.;2008;;;
5400;POTENCIACIÓN DE LA AUTOESTIMA;Ayudar a un paciente a que aumente el juicio personal de su propia valía.;1992;;;
5410;TERAPIA DEL TRAUMA: NIÑO;Uso de un proceso de ayuda interactivo para resolver un trauma sufrido por un niño.;2004;;;
5420;APOYO ESPIRITUAL;Ayuda al paciente a conseguir el equilibrio a través de sus creencias.;1992, 2004;;;
5422;PREVENCIÓN DE LA ADICCIÓN RELIGIOSA;Prevención de un estilo de vida autoimpuesto y controlado por la religión.;2000;;;
5424;FACILITAR LA PRÁCTICA RELIGIOSA;Facilitación de la participación en prácticas religiosas.;2000, 2004;;;
5426;FACILITAR EL CRECIMIENTO ESPIRITUAL;Facilitar el crecimiento de la capacidad del paciente para identificar, comunicarse y evocar la fuente de significado, propósito, consuelo, fuerza y esperanza en su vida.;2000;;;
5430;GRUPO DE APOYO;Uso de un ambiente grupal para proporcionar apoyo emocional e información relacionada con la salud a sus miembros.;1992;;;
5440;AUMENTAR LOS SISTEMAS DE APOYO;Facilitar el apoyo del paciente por parte de la familia, los amigos y la comunidad.;1992;;;
5450;TERAPIA DE GRUPO;Aplicación de técnicas psicoterapéuticas a un grupo, incluyendo la utilización de interacciones entre los miembros del grupo.;1992, 1996;;;
5460;CONTACTO;Proporcionar consuelo y comunicación a través de un contacto táctil intencionado.;1992, 2008;;;
5465;CONTACTO TERAPÉUTICO;De acuerdo con el campo universal de la salud, buscar la manera de trabajar como instrumento de influencia en la curación, y utilizar la sensibilidad natural de las manos para centrar y dirigir el proceso de la intervención.;1992, 2000;;;
5470;DECLARAR LA VERDAD AL PACIENTE;Uso de toda la verdad, verdad parcial o retardar el decirla para fomentar la autodeterminación y el bienestar del paciente.;1992, 2008;;;
5480;CLARIFICACIÓN DE VALORES;Ayuda a una persona a clarificar sus valores con el objeto de facilitar la toma de decisiones efectivas.;1992, 2008;;;
5510;EDUCACIÓN SANITARIA;Desarrollar y proporcionar instrucción y experiencias de enseñanza que faciliten la adaptación voluntaria de la conducta para conseguir la salud en personas, familias, grupos o comunidades.;1996, 2000;;;
5515;MEJORAR EL ACCESO A LA INFORMACIÓN SANITARIA;Ayuda a individuos con capacidad limitada para obtener, procesar y comprender la información relacionada con la salud y la enfermedad.;2008;;;
5520;FACILITAR EL APRENDIZAJE;Fomentar la capacidad de procesar y comprender la información.;1992;;;
5540;POTENCIACIÓN DE LA DISPOSICIÓN DE APRENDIZAJE;Mejorar la capacidad y disposición de recibir información.;1992, 2004;;;
5562;EDUCACION PATERNA: ADOLESCENTES;Asistencia a los padres para que comprendan y ayuden a sus hijos adolescentes.;1992;;;
5566;EDUCACIÓN PATERNA: CRIANZA FAMILIAR DE LOS NIÑOS;Ayuda a los padres a comprender y fomentar el crecimiento y desarrollo físico, psicológico y social de su bebé, niño /s en edad preescolar o escolar.;1992;;;
5568;EDUCACIÓN PATERNA: NIÑO;Enseñanza de los cuidados de nutrición y físicos necesarios durante los primeros años de vida.;2000;;;
5580;INFORMACIÓN PREPARATORIA: SENSORIAL;Descripción en términos concretos y objetivos de las sensaciones y hechos normales asociados con un procedimiento/tratamiento de cuidados de salud estresante que se avecina.;1992, 2000;;;
5602;ENSEÑANZA: PROCESO DE ENFERMEDAD;Ayudar al paciente a comprender la información relacionada con un proceso de enfermedad específico.;1992, 2000, 2004;;;
5603;ENSEÑANZA: CUIDADOS DE LOS PIES;Preparar al paciente de riesgo y/o familia para proporcionar cuidados preventivos en los pies.;2004;;;
5604;ENSEÑANZA: GRUPO;Desarrollo, puesta en práctica y evaluación de un programa de educación para un grupo de personas que experimentan el mismo estado de salud.;1992, 2000;;;
5606;ENSEÑANZA: INDIVIDUAL;Planificación, puesta en práctica y evaluación de un programa de enseñanza diseñado para tratar las necesidades particulares del paciente.;1992;;;
5610;ENSEÑANZA: PREQUIRÚRGICA;Ayudar a un paciente a comprender y prepararse mentalmente para la cirugía y el período de recuperación posquirúrgico.;1992;;;
5612;ENSEÑANZA: ACTIVIDAD/EJERCICIO PRESCRITO;Preparar a un paciente para que consiga y/o mantenga el nivel de actividad prescrito.;1992;;;
5614;ENSEÑANZA: DIETA PRESCRITA;Preparación de un paciente para seguir correctamente una dieta prescrita.;1992;;;
5616;ENSEÑANZA: MEDICAMENTOS PRESCRITOS;Preparación de un paciente para que tome de forma segura los medicamentos prescritos y observar sus efectos.;1992, 1996, 2004;;;
5618;ENSEÑANZA: PROCEDIMIENTO/TRATAMIENTO;Preparación de un paciente para que comprenda y se prepare mentalmente para un procedimiento o tratamiento prescrito.;1992, 2000;;;
5620;ENSEÑANZA: HABILIDAD PSICOMOTORA;Preparación de un paciente para que practique una técnica psicomotora.;1992;;;
5622;ENSEÑANZA: SEXO SEGURO;Proporcionar instrucciones acerca de medidas de protección durante la relación sexual.;1992;;;
5624;ENSEÑANZA: SEXUALIDAD;Ayudar a las personas a comprender las dimensiones físicas y psicosociales del crecimiento y el desarrollo sexual.;1996;;;
5634;ENSEÑANZA: ENTRENAMIENTO PARA EL ASEO;Enseñar a determinar la buena disposición y las estrategias del  niño para ayudarle a aprender hábitos de higiene.;2004, 2008;;;
5640;ENSEÑANZA: NUTRICIÓN DEL BEBÉ (0-3 meses);Enseñanza de las prácticas de nutrición y alimentación durante los tres primeros meses de vida.;2008;;;
5641;ENSEÑANZA: NUTRICIÓN DEL BEBÉ (4-6 meses);Enseñanza de las prácticas de nutrición y alimentación de los cuatro a los seis meses de vida.;2008;;;
5642;ENSEÑANZA: NUTRICIÓN DEL BEBÉ (7-9 meses);Enseñanza de las prácticas de nutrición y alimentación de los siete a los nueve meses de vida.;2008;;;
5643;ENSEÑANZA: NUTRICIÓN DEL BEBÉ (10-12 meses);Enseñanza de las prácticas de nutrición y alimentación de los diez a los doce meses de vida.;2008;;;
5645;ENSEÑANZA: SEGURIDAD DEL BEBÉ (0-3 meses);Enseñanza de la seguridad durante los tres primeros meses de vida.;2008;;;
5646;ENSEÑANZA: SEGURIDAD DEL BEBÉ (4-6 meses);Enseñanza de la seguridad de los cuatro a los seis meses de vida.;2008;;;
5647;ENSEÑANZA: SEGURIDAD DEL BEBÉ (7-9 meses);Enseñanza de la seguridad de los siete a los nueve meses de vida.;2008;;;
5648;ENSEÑANZA: SEGURIDAD DEL BEBÉ (10-12 meses);Enseñanza de la seguridad de los diez a los doce meses de vida.;2008;;;
5655;ENSEÑANZA: ESTIMULACIÓN DEL BEBÉ (0-4 meses);Enseñanza a los padres y cuidadores para proporcionar las actividades sensoriales adecuadas para favorecer el desarrollo y el movimiento durante los cuatro primeros meses de vida.;2008;;;
5656;ENSEÑANZA: ESTIMULACIÓN DEL BEBÉ (5-8 meses);Enseñanza a los padres y cuidadores para proporcionar las actividades sensoriales adecuadas para favorecer el desarrollo y el movimiento de los cinco a los ocho meses de vida.;2008;;;
5657;ENSEÑANZA: ESTIMULACIÓN DEL BEBÉ (9-12 meses);Enseñanza a los padres y cuidadores para proporcionar las actividades sensoriales adecuadas para favorecer el desarrollo y el movimiento de los nueve a los doce meses de vida.;2008;;;
5660;ENSEÑANZA: NUTRICIÓN DEL NIÑO (13-18 meses);Enseñanza de las prácticas de nutrición y alimentación de los trece a los dieciocho meses de vida.;2008;;;
5661;ENSEÑANZA: NUTRICIÓN DEL NIÑO (19-24 meses);Enseñanza de las prácticas de nutrición y alimentación de los diecinueve a los veinticuatro meses de vida.;2008;;;
5662;ENSEÑANZA: NUTRICIÓN DEL NIÑO (25-36 meses);Enseñanza de las prácticas de nutrición y alimentación de los veinticinco a los treinta y seis meses de vida.;2008;;;
5665;ENSEÑANZA: SEGURIDAD DEL NIÑO (13-18 meses);Enseñanza de la seguridad de los trece a los dieciocho meses de vida.;2008;;;
5666;ENSEÑANZA: SEGURIDAD DEL NIÑO (19-24 meses);Enseñanza de la seguridad de los diecinueve a los veinticuatro meses de vida.;2008;;;
5667;ENSEÑANZA: SEGURIDAD DEL NIÑO (25-36 meses);Enseñanza de la seguridad de los veinticinco a los treinta y seis meses de vida.;2008;;;
5820;DISMINUCIÓN DE LA ANSIEDAD;Minimizar la aprensión, temor o presagios relacionados con una fuente no identificada de peligro por adelantado.;1992, 2004;;;
5840;ENTRENAMIENTO AUTOGÉNICO;Asistencia con la autosugestión sobre sensación de pesadez y calor con el objetivo de inducir la relajación.;1992, 2008;;;
5860;BIORRETROALIMENTACIÓN;Ayuda al paciente a tener el control voluntario de las respuestas fisiológicas utilizando la retroalimentación de un equipo electrónico que monitoriza procesos fisiológicos.;1992, 2008;;;
5880;TÉCNICA DE RELAJACIÓN;Disminución de la ansiedad del paciente que experimenta angustia aguda.;1992;;;
5900;DISTRACCIÓN;Enfoque intencionado de la atención para alejarla de sensaciones indeseables.;1992;;;
5920;HIPNOSIS;Asistir al paciente a conseguir un estado de concentración atenta y centrada con suspensión de la conciencia periférica para crear cambios de sensación, pensamientos o conducta.;1992, 2008;;;
5922;FACILITAR LA AUTOHIPNOSIS;Enseñar y controlar el uso de un estado hipnótico autoinducido para un beneficio terapéutico.;2004, 2008;;;
5960;FACILITAR LA MEDITACIÓN;Cambio de nivel de consistencia del paciente centrándose específicamente en una imagen o pensamiento.;1992, 2000;;;
6000;IMAGINACIÓN SIMPLE DIRIGIDA;Utilización intencionada de la imaginación para conseguir un estado, resultado o acción particular o para apartar la atención de las sensaciones indeseables.;1992, 2008;;;
6040;TERAPIA DE RELAJACIÓN SIMPLE;Uso de técnicas para favorecer e inducir la relajación con objeto de disminuir los signos y síntomas indeseables como dolor, tensión muscular o ansiedad.;1992, 2008;;;
6140;MANEJO DEL CÓDIGO DE URGENCIAS;Coordinación de las medidas de urgencia para el sostenimiento de la vida.;1992, 2008;;;
6160;INTERVENCION EN CASO DE CRISIS;Utilización de asesoramiento de corto plazo para ayudar al paciente a enfrentarse a las crisis y retomar un estado de funcionamiento mejor o igual al estado previo a la crisis.;1992, 2008;;;
6200;CUIDADOS EN LA EMERGENCIA;Puesta en práctica de las medidas de salvamento en aquellas situaciones que resulten amenazadoras ante la muerte.;1992;;;
6240;PRIMEROS AUXILIOS;Proporcionar los cuidados iniciales a una lesión menor.;1992;;;
6260;OBTENCIÓN DE ÓRGANOS;Guiar a las familias e el proceso de donación para asegurar una extracción a tiempo de órganos vitales y tejidos para transplantes.;1996;;;
6300;TRATAMIENTO DEL TRAUMA DE LA VIOLACIÓN;Proporcionar apoyo emocional y físico inmediatamente después de informar de una violación.;1992, 2000;;;
6320;RESUCITACIÓN;Administración de medidas de urgencia para mantener la vida.;1992;;;
6340;PREVENCIÓN DEL SUICIDIO;Disminución del riesgo de los daños autoinfligidos con la intención de acabar con la vida.;1992, 2000, 2004;;;
6362;TRIAGE: CATÁSTROFE;Establecer las prioridades de los pacientes que necesitan recibir tratamiento urgente teniendo en cuenta los recursos.;2000;;;
6364;TRIAGE: CENTRO DE URGENCIAS;Establecer prioridades e iniciar el tratamiento en pacientes en un centro de urgencias.;2000;;;
6366;TRIAGE: TELÉFONO;Determinar el tipo y la urgencia del problema y dar instrucciones por teléfono del nivel de atención necesario.;2000;;;
6400;APOYO EN LA PROTECCIÓN CONTRA ABUSOS;Identificación de las relaciones y acciones dependientes de alto riesgo para evitar que aumenten los daños físicos y emocionales.;1992, 2000, 2004;;;
6402;APOYO EN LA PROTECCIÓN CONTRA ABUSOS: NIÑOS;Identificación de las relaciones y acciones del niño dependiente de alto riesgo para evitar la posibilidad de que se inflijan daños físicos, sexuales o emocionales, o se abandones las necesidades vitales básicas.;1996, 2000;;;
6403;APOYO EN LA PROTECCIÓN CONTRA ABUSOS: CÓNYUGE;Identificación de las relaciones y acciones domésticas dependientes de alto riesgo para prevenir que se inflija posterior daño físico, sexual o emocional, o la explotación de uno de los cónyuges.;2000, 2004;;;
6404;APOYO EN LA PROTECCIÓN CONTRA ABUSOS: ANCIANOS;"Identificación  del alto riesgo en las relaciones dependientes del anciano y acciones para evitar posibles daños físicos, sexuales o emocionales; abandono de las necesidades vitales básicas, o la explotación.";1996, 2000, 2004;;;
6408;APOYO EN LA PROTECCIÓN CONTRA ABUSOS: RELIGIOSO;Identificación de las relaciones y acciones religiosas dominantes de alto riesgo para evitar que se inflijan daños y/o explotación física, sexual o emocional.;2000;;;
6410;MANEJO DE LA ALERGIA;Identificación, tratamiento y prevención de las respuestas alérgicas a alimentos, medicamentos, picaduras de insectos, material de contraste, sangre u otras sustancias.;1992, 1996, 2000;;;
6412;MANEJO DE LA ANAFILAXIA;Fomento de la ventilación y de la perfusión de los tejidos adecuadas para un individuo con una reacción alérgica (antígeno-anticuerpo) grave.;2000, 2004;;;
6420;RESTRICCIÓN DE ZONAS DE MOVIMIENTO;Uso de la limitación menos restrictiva de la movilidad del paciente a una zona determinada para el control de su seguridad o de su comportamiento.;1992, 2008;;;
6430;CONTROL DE AGENTES QUÍMICOS;Administración, control y deshabituación de agentes psicotrópicos utilizados para controlar la conducta extrema de un individuo.;2004;;;
6440;MANEJO DEL DELIRIO;Disposición de un ambiente seguro y terapéutico para el paciente que experimenta un estado confuso agudo.;1992;;;
6450;MANEJO DE IDEAS ILUSORIAS;Fomento de la comodidad, seguridad y orientación de la realidad de un paciente que experimenta creencias falsas, fijas, que tienen poca o ninguna base real.;1996;;;
6460;MANEJO DE LA DEMENCIA;Proveer un ambiente modificado para el paciente que experimenta un estado de confusión crónico.;1996, 2004;;;
6462;MANEJO DE LA DEMENCIA: BAÑO;Control de la conducta agresiva durante la higiene corporal.;2004;;;
6470;PRECAUCIONES CONTRA FUGAS;Minimizar el riesgo de abandono sin autorización del sitio de tratamiento cuando su partida represente una amenaza para su seguridad u otras personas.;1996;;;
6480;MANEJO AMBIENTAL;Manipulación del entorno del paciente para conseguir beneficios terapéuticos, interés sensorial y bienestar psicológico.;1992, 1996, 2000, 2004;;;
6481;MANEJO AMBIENTAL: PROCESO DE ACERCAMIENTO;Manipulación del entorno del paciente para facilitar el desarrollo de la relación padre-hijo.;1992;;;
6482;MANEJO AMBIENTAL: CONFORT;Manipulación del entorno del paciente para facilitar una comodidad óptima.;1992, 2008;;;
6484;MANEJO AMBIENTAL: COMUNIDAD;Vigilar e influir en las condiciones físicas, sociales, culturales, económicas y políticas que afecten a la salud de grupos y comunidades.;1996, 2000;;;
6485;MANEJO AMBIENTAL: PREPARACIÓN DEL HOGAR;Preparación del hogar para proporcionar cuidados de manera segura y eficaz.;2000;;;
6486;MANEJO AMBIENTAL: SEGURIDAD;Vigilar y actuar sobre el ambiente físico para fomentar la seguridad.;1992, 1996, 2000;;;
6487;MANEJO AMBIENTAL: PREVENCION DE LA VIOLENCIA;Control y manipulación del ambiente físico para disminuir potenciales conductas violentas dirigidas hacia uno mismo, los demás o el ambiente.;1992;;;
6489;MANEJO AMBIENTAL: SEGURIDAD DEL TRABAJADOR;Control y manipulación del ambiente de trabajo para fomentar la seguridad y la salud de los trabajadores.;1996;;;
6490;PREVENCIÓN DE CAIDAS;Establecer precauciones especiales en pacientes con alto riesgo de lesiones por caídas.;1992, 2000, 2004;;;
6500;PRECAUCIONES CONTRA INCENDIOS PROVOCADOS;Prevención de conductas incendiarias.;1996;;;
6510;MANEJO DE LAS ALUCINACIONES;Estimulación de la sensación de seguridad, comodidad y orientación en la realidad de un paciente que experimenta alucinaciones.;1992, 1996;;;
6520;ANÁLISIS DE LA SITUACIÓN SANITARIA;Detección de riesgos o problemas para la salud por medio de historiales, exámenes y demás procedimientos.;1992, 1996;;;
6522;EXPLORACIÓN DE LA MAMA;Inspección y palpación de las mamas y de las zonas afines.;2000;;;
6530;MANEJO DE LA INMUNIZACIÓN/VACUNACIÓN;Control del estado de inmunización, facilitando el acceso a las inmunizaciones y suministro de vacunas para evitar enfermedades contagiosas.;1992, 2000, 2004;;;
6540;CONTROL DE INFECCIONES;Minimizar el contagio y transmisión de agentes infecciosos.;1992, 2000;;;
6545;CONTROL DE INFECCIONES: INTRAOPERATORIO;Prevención de la infección nosocomial en el quirófano.;1996;;;
6550;PROTECCIÓN CONTRA LAS INFECCIONES;Prevención y detección precoz de la infección en un paciente de riesgo.;1992;;;
6560;PRECAUCIONES CON EL LÁSER;Limitación del riesgo de lesiones en pacientes relacionado con la utilización de rayos láser.;"1996. Antes: ""Precauciones con láser""";;;
6570;PRECAUCIONES EN LA ALERGIA AL LÁTEX;Disminución del riesgo de una reacción sistémica al látex.;1996, 2004;;;
6580;SUJECIÓN FÍSICA;Aplicación, control y extracción de dispositivos de sujeción mecánica o manual utilizados para limitar la movilidad física del paciente.;1992, 1996;;;
6590;PRECAUCIONES CON LOS TORNIQUETES NEUMÁTICOS;Aplicación de un torniquete neumático a la vez que se minimiza la posibilidad de lesiones al paciente por el uso de este dispositivo.;1996;;;
6600;MANEJO DE LA RADIOTERAPIA;Ayudar a un paciente a comprender y minimizar los efectos secundarios de un tratamiento con radiación.;1992, 2008;;;
6610;IDENTIFICACION DE RIESGOS;Análisis de los factores de riesgo potenciales, determinación de riesgos para la salud y la asignación de prioridad a las estrategias de disminución de riesgos para un individuo o grupo de personas.;1992;;;
6612;IDENTIFICACIÓN DE RIESGOS: FAMILIA CON RECIÉN NACIDO;Identificar al individuo o familia con posibles dificultades para la experiencia de la paternidad y priorizar estrategias para prevenir problemas.;1992;;;
6614;IDENTIFICACION DE RIESGOS: GENÉTICOS;Identificación y análisis de posibles factores de riesgo genético en un individuo, familia o grupo.;2000;;;
6630;AISLAMIENTO;Confinamiento solitario en un ambiente totalmente protector con estrecha vigilancia por parte del personal de cuidados en razón de la seguridad o para el control de determinadas conductas.;1992;;;
6648;PREVENCIÓN DE LESIONES DEPORTIVAS: JÓVENES;Reducción del riesgo de lesiones deportivas en atletas jóvenes.;2000;;;
6650;VIGILANCIA;Recopilación, interpretación y síntesis objetiva y continuada de los datos del paciente para la toma de decisiones clínicas.;1992, 2004;;;
6652;VIGILANCIA: COMUNIDAD;Revisión, interpretación y síntesis objetiva y continuada de los datos para la toma de decisiones en la comunidad.;2000;;;
6654;VIGILANCIA: SEGURIDAD;Reunión objetiva y continuada y análisis de la información acerca del paciente y del ambiente para utilizarla en la promoción y mantenimiento de la seguridad.;1992;;;
6656;VIGILANCIA: AL FINAL DEL EMBARAZO;Recopilación, interpretación y síntesis objetiva y continuada de los datos maternofetales para el tratamiento, observación e ingreso.;1996;;;
6658;VIGILANCIA: ELECTRONICA POR CONTROL REMOTO;Adquisición determinada y continua de datos del paciente a través de modalidades electrónicas (teléfono, videoconferencia, correo electrónico) desde lugares distantes, así como interpretación y síntesis de los datos del paciente para la toma de decisiones clínica con individuos o poblaciones.;2000;;;
6670;TERAPIA DE VALIDACIÓN;Utilización de un método de comunicación terapéutica con ancianos con demencia que se centra en el contenido emocional más que en los hechos.;2008;;;
6680;MONITORIZACIÓN DE LOS SIGNOS VITALES;Recogida y análisis de datos sobre el estado cardiovascular, respiratorio y de temperatura corporal para determinar y prevenir complicaciones.;1992, 2004;;;
6700;AMNIOINFUSIÓN;Infusión de líquido en el útero durante el parto para aliviar la compresión del cordón umbilical o para diluir el líquido manchado de meconio.;1996, 2004;;;
6710;FOMENTAR EL ACERCAMIENTO;Facilitar el desarrollo de la relación entre padres y bebé.;1992;;;
6720;PARTO;Nacimiento de un niño.;1992, 1996;;;
6750;CUIDADOS DE LA ZONA DE CESÁREA;Preparación y apoyo al paciente durante el parto con cesárea.;1992;;;
6760;PREPARACIÓN AL PARTO;Proporcionar información y apoyo para facilitar el parto y potenciar la capacidad de desarrollo y realización por parte de una persona del papel parental.;1992, 2008;;;
6771;MONITORIZACIÓN FETAL ELECTRÓNICA: ANTES DEL PARTO;Evaluación electrónica de la respuesta cardíaca fetal al movimiento, estímulos externos o contracciones uterinas durante la prueba anterior al parto.;1996;;;
6772;MONITORIZACIÓN FETAL ELECTRÓNICA: DURANTE EL PARTO;Evaluación electrónica de la respuesta cardíaca fetal a las contracciones uterinas durante los cuidados del parto.;1996;;;
6784;PLANIFICACIÓN FAMILIAR: ANTICONCEPCIÓN;Ayuda para evitar el embarazo mediante información sobre la fisiología de la reproducción y los métodos de control de la concepción.;1992;;;
6786;PLANIFICACIÓN FAMILIAR: INFERTILIDAD;Enseñar y apoyar a la paciente y a su pareja para sobrellevar el estudio y tratamiento de infertilidad.;1992, 1996;;;
6788;PLANIFICACION FAMILIAR: EMBARAZO NO DESEADO;Facilitar la toma de decisiones respecto del resultado de un embarazo.;1992, 1996;;;
6800;CUIDADOS DEL EMBARAZO DE ALTO RIESGO;Identificación y manejo de un embarazo de alto riesgo para fomentar los resultados óptimos en la madre y el bebé.;1996, 2008;;;
6820;CUIDADOS DEL LACTANTE;Fomento de cuidados adecuados al nivel desarrollo y centrados en la familia para el lactante de menos de 1 año de edad.;1992;;;
6830;CUIDADOS INTRAPARTO;Monitorización y manejo de los estadios uno y dos del parto.;1992, 1996;;;
6834;CUIDADOS INTRAPARTO: PARTO DE ALTO RIESGO;Ayudar en el parto vaginal de fetos múltiples o mal posicionados.;1996;;;
6840;CUIDADOS DE CANGURO (DEL NIÑO PREMATURO);Fomentar la intimidad entre madre/padre y el bebé prematuro fisiológicamente estable mediante la preparación del padre y disponiendo un ambiente de contacto piel a piel.;1996;;;
6850;INDUCCIÓN AL PARTO;Iniciación o progresión del proceso de parto mediante métodos mecánicos o farmacológicos.;1996;;;
6860;SUPRESIÓN DE LAS CONTRACCIONES DE PARTO;Control de las contracciones uterinas antes de las 37 semanas de gestación para evitar un parto prematuro.;1996;;;
6870;SUPRESIÓN DE LA LACTANCIA;Facilitar el cese de producción de leche y minimizar la congestión de los pechos después de dar a luz.;1992;;;
6880;CUIDADOS DEL RECIÉN NACIDO;Actuación con el recién nacido durante el paso a la vida extrauterina y el subsiguiente período de estabilización.;1992, 2000;;;
6890;MONITORIZACIÓN DEL RECIÉN NACIDO;Medición e interpretación del estado fisiológico del recién nacido durante las primeras 24 horas del nacimiento.;1992, 2000;;;
6900;SUCCIÓN NO NUTRITIVA;Disponer oportunidades de succión al bebé.;1992, 2000;;;
6924;FOTOTERAPIA: NEONATO;Uso de terapia de luz para disminuir los niveles de bilirrubina en bebés recién nacidos.;1996, 2000;;;
6926;FOTOTERAPIA: REGULACIÓN DEL BIORRITMO;Administración de dosis de luz para elevar el humor y / o normalizar el biorritmo interno del organismo.;2004;;;
6930;CUIDADOS POSPARTO;Control y seguimiento de la paciente que ha dado a luz recientemente.;1992;;;
6950;CUIDADOS POR CESE DE EMBARAZO;Control de las necesidades físicas y psicológicas de la mujer que ha sufrido un aborto espontáneo o inducido.;1992, 1996;;;
6960;CUIDADOS PRENATALES;Control y seguimiento de un paciente durante el embarazo para evitar complicaciones y promover un resultado saludable tanto para la madre como para el bebé.;1992;;;
6972;RESUCITACIÓN: FETAL;Adopción de medidas de urgencia para mejorar la perfusión placentaria o corregir el estado ácido-base del feto.;1996;;;
6974;RESUCITACIÓN: NEONATO;Adopción de medidas de urgencia para apoyar la adaptación del recién nacido a la vida extrauterina.;1996;;;
6982;ULTRASONOGRAFIA: OBSTÉTRICA;Realización de exámenes por ultrasonido para determinar el estado ovárico, uterino o fetal.;1996;;;
7040;APOYO AL CUIDADOR PRINCIPAL;Suministro de la necesaria información, recomendación y apoyo para facilitar los cuidados primarios al paciente por parte de una persona distinta del profesional de los cuidados sanitarios.;1992, 2004;;;
7100;ESTIMULACIÓN DE LA INTEGRIDAD FAMILIAR;Favorecer la cohesión y unidad familiar.;1992, 2008;;;
7104;ESTIMULACIÓN DE LA INTEGRIDAD FAMILIAR: FAMILIA CON NIÑO (RECIEN NACIDO);Facilitar el crecimiento individual o de la familia que incorpora un hijo más al hogar.;1992, 2008;;;
7110;FOMENTAR LA IMPLICACIÓN FAMILIAR;Facilitar la participación de los miembros de la familia en el cuidado emocional y físico del paciente.;1992, 2008;;;
7120;MOVILIZACIÓN FAMILIAR;Utilización de la fuerza familiar para influenciar sobre la salud del paciente de una manera positiva.;1992, 2004, 2008;;;
7130;MANTENIMIENTO EN PROCESOS FAMILIARES;Minimizar los efectos en los procesos de ruptura familiar.;1992, 2008;;;
7140;APOYO A LA FAMILIA;Estimulación de los valores, intereses y objetivos familiares.;1992, 1996;;;
7150;TERAPIA FAMILIAR;Ayuda a los miembros de la familia a conseguir un modo de vida más positivo para vivir mejor.;1992, 2008;;;
7160;PRESERVACIÓN DE LA FERTILIDAD;Proporcionar información, asesoramiento y tratamiento que facilite la salud reproductiva y la capacidad de concebir .;1996;;;
7170;FACILITAR LA PRESENCIA DE LA FAMILIA;Facilitar la presencia de la familia para apoyar a un individuo que esté recibiendo reanimación y / o procedimientos invasivos.;2004;;;
7180;ASISTENCIA EN EL MANTENIMIENTO DEL HOGAR;Ayudar al paciente / familia a mantener el hogar como un sitio limpio, seguro y placentero.;1992, 2004;;;
7200;FOMENTAR LA NORMALIZACIÓN FAMILIAR;Ayudar a los padres y demás miembros de la familia con niños con enfermedad crónica o discapacidades a tener experiencias vitales normales para sus niños y familias.;1996;;;
7260;CUIDADOS INTERMITENTES;Provisión de cuidados de corta duración para proporcionar descanso a un cuidador familiar.;1992;;;
7280;APOYO DE HERMANOS;Ayudar al hermano del paciente con una enfermedad / estado crónico / discapacidad a enfrentarse a ello.;1992, 2000;;;
7310;CUIDADOS DE ENFERMERIA AL INGRESO;Facilitar el ingreso del paciente en un centro sanitario.;1992, 2004;;;
7320;GESTIÓN DE CASOS;Coordinar la asistencia y defensa de individuos concretos y poblaciones de pacientes respecto al macro de actuaciones en programa para reducir costes, disminuir el uso de recursos, mejorar la calidad de la asistencia sanitaria y conseguir los resultados deseados.;"2000. Antes: ""Control de casos específicos""";;;
7330;INTERMEDIACIÓN CULTURAL;Utilizar a propósito estrategias culturalmente adecuadas para establecer un puente o mediar entre la cultura del paciente y el sistema sanitario biomédico.;1992, 2000;;;
7370;PLANIFICACIÓN DEL ALTA;Preparación para trasladar al paciente desde un nivel de cuidados a otro dentro o fuera del centro de cuidados actual.;1992, 2008;;;
7380;ASISTENCIA PARA LOS RECURSOS FINANCIEROS;Asistir a un individuo / familia para asegurar y controlar las finanzas de acuerdo con las necesidades de asistencia sanitaria.;2000;;;
7400;GUÍAS DEL SISTEMA SANITARIO;Facilitar al paciente la localización y la utilización adecuada de los servicios sanitarios.;1992, 2000, 2004;;;
7410;AUTORIZACIÓN DE SEGUROS;Ayudar al paciente y al cuidador a garantizar el pago de los servicios y equipos sanitarios por parte de terceras partes.;1996;;;
7440;FACILITAR PERMISOS;Organizar una salida de la institución sanitaria para un paciente.;1996;;;
7460;PROTECCIÓN DE LOS DERECHOS DEL PACIENTE;Protección de los derechos a cuidados sanitarios de un paciente incapaz de tomar decisiones, especialmente si es menor, está incapacitado o es incompetente.;1992, 2004;;;
7500;APOYO PARA LA CONSECUCIÓN DEL SUSTENTO;Ayuda a una persona / familia necesitada para encontrar alimentos, vestidos y alojamientos.;1992, 2004, 2008;;;
7560;FACILITAR LAS VISITAS;Estimulación beneficiosa de las visitas por parte de la familia y amigos.;1992, 2000;;;
7610;ANÁLISIS DE LABORATORIO A PIE DE CAMA;Realización de análisis de laboratorio a pie de cama o en el sitio de cuidados.;1996;;;
7620;COMPROBACIÓN DE SUSTANCIAS CONTROLADAS;Fomento del uso adecuado y el mantenimiento de la seguridad de sustancias controladas.;1996;;;
7630;CONTENCIÓN DE LOS COSTES;Dirigir y facilitar el uso eficaz y útil de los recursos.;2000;;;
7640;DESARROLLO DE SITUACIÓN CRÍTICA;Elaboración y utilización de una secuencia sincronizada de las actividades de cuidados del paciente para mejorar los resultados esperados del paciente de una manera rentable.;1996;;;
7650;DELEGACIÓN;Transferir la responsabilidad de la realización de cuidados del paciente, manteniendo la responsabilidad del resultado.;1996;;;
7660;REVISION DEL CARRO DE EMERGENCIAS;Revisión sistemática y mantenimiento del contenido del carro de emergencias según los intervalos de tiempo establecidos.;1996, 2008;;;
7680;AYUDA EN LA EXPLORACIÓN;Proporcionar ayuda al paciente y al cuidado durante un procedimiento o examen.;1996;;;
7690;INTERPRETACIÓN DE DATOS DE LABORATORIO;Análisis crítico de los datos de laboratorio del paciente para ayudar en la toma de decisiones médicas.;1996;;;
7700;EVALUACIÓN DE COMPAÑEROS;Evaluación sistemática de la actuación de un compañero en comparación con las normas profesionales de la práctica.;1996;;;
7710;COLABORACIÓN CON EL MÉDICO;Colaboración con los médicos para proporcionar cuidados de calidad al paciente.;1996;;;
7722;PRECEPTOR: EMPLEADO;Ayuda y apoyo de un empleado nuevo o trasladado mediante una orientación planificada en un área clínica específica.;1996;;;
7726;PRECEPTOR: ESTUDIANTE;Ayuda y apoyo en las experiencias de aprendizaje de los estudiantes.;1996;;;
7760;EVALUACIÓN DE PRODUCTOS;Determinar la eficacia de nuevos productos o equipos.;1996;;;
7800;MONITORIZACIÓN DE LA CALIDAD;Reunión y análisis sistemático de los indicadores de calidad de una organización con el objetivo de mejorar los cuidados del paciente.;1996;;;
7820;MANEJO DE MUESTRAS;Obtener, preparar y preservar una muestra para un análisis de laboratorio.;1992, 2008;;;
7830;SUPERVISIÓN DEL PERSONAL;Facilitar la administración de cuidados de alta calidad al paciente por parte de otras personas.;1996;;;
7840;MANEJO DE LOS SUMINISTROS;Asegurar la adquisición y mantenimiento de los artículos apropiados para la provisión de cuidados al paciente.;1996;;;
7850;DESARROLLO DEL PERSONAL;Desarrollo, mantenimiento y control de las capacidades del personal.;2000;;;
7880;MANEJO DE LA TECNOLOGÍA;Uso de equipo y dispositivos técnicos para monitorizar el estado del paciente o mantener la vida.;1992;;;
7886;MANEJO DE LA TECNOLOGÍA REPRODUCTORA;Ayudar a un paciente en las etapas de un tratamiento de infertilidad complejo.;1996;;;
7890;TRANSPORTE: ENTRE INSTALACIONES;Traslado de un paciente de un área a otra de una instalación.;2008;;;
7892;TRANSPORTE: DENTRO DE LA INSTALACIÓN;Traslado de un paciente de un área a otra de una instalación.;2008;;;
7910;CONSULTA;Uso de los conocimientos técnicos para trabajar con aquellos individuos que solicitan ayuda en la resolución de problemas permitiendo que individuos, familias, grupos o instituciones alcancen los objetivos identificados.;2000;;;
7920;DOCUMENTACIÓN;Registro de los datos pertinentes del paciente en un historia clínica.;1996, 2000;;;
7930;DECLARACIÓN / TESTIMONIO;Provisión de declaración bajo juramento para procedimientos legales basados en el conocimiento del caso.;2004;;;
7940;RECOGIDA DE DATOS FORENSES;Recogida y registro de los datos correspondientes del paciente para un informe forense.;2008;;;
7960;INTERCAMBIO DE INFORMACIÓN DE CUIDADOS DE SALUD;Proporcionar información a otros profesionales de la salud.;1996, 2004;;;
7970;SEGUIMIENTO DE LA POLÍTICA SANITARIA;Vigilancia e influencia de reglamentaciones, leyes y normas gubernamentales y de organizaciones que afecten a los sistemas y la práctica sanitaria para asegurar la calidad de los cuidados de los pacientes.;1996;;;
7980;INFORME DE INCIDENCIAS;Informe escrito y oral de cualquier suceso del proceso de cuidados del paciente que sea inconsistente con los resultados esperados del paciente o con las operaciones de rutina del centro de cuidados sanitarios.;1996;;;
8020;REUNIÓN MULTIDISCIPLINAR SOBRE CUIDADOS;Planificación y evaluación de los cuidados del paciente con profesionales de la salud de otras disciplinas.;1996;;;
8060;TRANSCRIPCIÓN DE ÓRDENES;Transferencia de información de las hojas de órdenes al sistema de documentación y planificación de cuidados del paciente.;1996;;;
8100;DERIVACIÓN;Disponer los arreglos para el suministro de servicios por parte de otros cuidadores o institución.;1992;;;
8120;RECOGIDA DE DATOS PARA LA INVESTIGACIÓN;Recogida de datos de investigación.;1996, 2000;;;
8140;INFORME DE TURNOS;Intercambio de la información esencial de cuidados de pacientes con otro personal de cuidados al cambiar el turno.;1996;;;
8180;CONSULTA POR TELÉFONO;Identificar las preocupaciones del paciente, escucharlo, y proporcionar apoyo, información o enseñanzas en respuesta a dichas preocupaciones, por teléfono.;1996, 2000;;;
8190;SEGUIMIENTO TELÉFONICO;Dar los resultados de una prueba o de la evaluación de la respuesta del paciente y determinar posibles problemas por teléfono como resultado del tratamiento, exploración o prueba previa.;2000;;;
8250;CUIDADOS DEL DESARROLLO;Estructurar el entorno y proporcionar cuidados en la respuesta a las conductas y al estado del bebé pretérmino.;2000;;;
8272;FOMENTAR EL DESARROLLO: ADOLESCENTES;Facilitar el crecimiento físico, cognitivo, social y emocional óptimo de los individuos durante la transición de la infancia a la edad adulta.;2000;;;
8274;FOMENTAR EL DESARROLLO: NIÑO;Facilitar o enseñar a los padres/cuidadores a conseguir un crecimiento global y específico lingüístico, cognitivo, social, emocional y motor total de los niños en edad preescolar y escolar.;2000;;;
8300;FOMENTAR LA PATERNIDAD;Proporcionar información sobre la paternidad, apoyo y coordinación de servicios globales en familias de alto riesgo.;2000;;;
8340;FOMENTAR LA RESISTENCIA;Ayuda a individuos, familias y comunidades en el desarrollo, uso y fortalecimiento de factores protectores para ser utilizados para hacer frente a tensiones ambientales y sociales.;2000;;;
8500;FOMENTAR LA SALUD DE LA COMUNIDAD;Facilitar a los miembros de la comunidad la identificación de los intereses sanitarios de la comunidad, la movilización de recursos y la ejecución de las soluciones.;2000;;;
8550;MANEJO DE LOS RECURSOS ECONÓMICOS;Procurar y dirigir la utilización de los recursos financieros para asegurar el desarrollo y la continuación de los programas y de los servicios.;2000;;;
8700;DESARROLLO DE UN PROGRAMA;Planificación, ejecución y evaluación de un conjunto coordinado de actividades diseñado para aumentar el bienestar o para prevenir, reducir o eliminar uno o más problemas de salud de un grupo o comunidad.;2000;;;
8750;MARKETING SOCIAL;Utilización de los principios de marketing para influir en las creencias, actividades y conductas de la salud para beneficiar a una población diana.;2008;;;
8810;PREPARACIÓN ANTE EL BIOTERRORISMO;Preparación para una respuesta eficaz ante un desastre o ataques bioterroristas.;2004;;;
8820;CONTROL DE ENFERMEDADES TRANSMISIBLES;Trabajar con la comunidad para disminuir y controlar la incidencia y la prevalencia de enfermedades contagiosas en una población específica.;2000;;;
8840;PREPARACIÓN PARA UN DESASTRE EN LA COMUNIDAD;Preparación para una respuesta eficaz ante un desastre a gran escala.;2000;;;
8850;PROTECCIÓN DE RIESGOS AMBIENTALES;Prevención y detección de enfermedades y lesiones en poblaciones de riesgo por causa de peligros ambientales.;2000;;;
9050;FOMENTAR LA SEGURIDAD EN EL VEHICULO;Ayudar a los individuos, familias y comunidades a aumentar la concienciación de las medidas que hay que tomar para reducir las lesiones involuntarias en vehículos con y sin motor.;2000;;;
9999;PENDIENTES DE DEFINIR;#N/A;no;;;